{
  "Version": "2012-10-17",
  "Statement": [
    {
      "Sid": "AllowCrossAccountList",
      "Effect": "Allow",
      "Principal": {
        "AWS": "arn:aws:iam::ID_CUENTA_DESTINO:root"
      },
      "Action": "s3:ListBucket",
      "Resource": "arn:aws:s3:::s3-aaaa"
    },
    {
      "Sid": "AllowCrossAccountRead",
      "Effect": "Allow",
      "Principal": {
        "AWS": "arn:aws:iam::ID_CUENTA_DESTINO:root"
      },
      "Action": "s3:GetObject",
      "Resource": "arn:aws:s3:::s3-aaaa/*"
    }
  ]
}